{"nerya1": {"127.0.0.1:6501": 3599.307237}, "nerya2": {"127.0.0.1:6502": 3599.323394}}